id,name,state,region_type,budget_level,best_months,crowd_level,adventure_score,nature_score,luxury_score,nightlife_score,culture_score,food_scene_score,family_friendly_score,description
1,Kalpa,Himachal Pradesh,mountains,medium,"April,May,October",low,8,10,3,1,6,5,7,"A quiet Himalayan village in Kinnaur known for apple orchards, views of the Kinnaur Kailash peak, monastery visits, and a slow, peaceful pace far from tourist crowds -- ideal for travelers who want mountains without the Manali rush."
2,Goa,Goa,beach,medium,"November,December,January,February",high,5,7,7,10,5,8,7,"India's most famous beach destination, blending Portuguese-era architecture, lively beach shacks, water sports, and a buzzing nightlife scene, with both party beaches like Baga and calmer stretches like Palolem."
3,Manali,Himachal Pradesh,mountains,medium,"March,April,May,September,October",high,8,8,5,4,5,6,7,"A popular Himalayan hill town serving as a gateway to treks, paragliding, and river rafting, with a lively main market and old Manali cafe culture, though it gets heavily crowded in peak season."
4,Spiti Valley,Himachal Pradesh,mountains,medium,"June,July,August,September",low,10,10,2,1,8,4,4,"A stark, high-altitude cold desert valley dotted with centuries-old Buddhist monasteries, remote villages, and dramatic barren landscapes -- for travelers seeking raw adventure and solitude over comfort."
5,Jaipur,Rajasthan,city,medium,"October,November,December,January,February,March",high,3,3,7,6,10,8,8,"The Pink City, rich in Rajput history, with grand forts, palaces, vibrant bazaars, and a strong tradition of textiles and cuisine -- a classic cultural and heritage destination."
6,Gokarna,Karnataka,beach,low,"October,November,December,January,February",medium,6,8,3,3,4,6,5,"A laid-back temple town turned backpacker beach destination on the Karnataka coast, offering quieter, less commercialized beaches than Goa, with a spiritual undercurrent from its ancient Shiva temple."
7,Coorg,Karnataka,forest,medium,"October,November,December,January,February,March",medium,6,9,5,2,5,7,7,"A misty hill region known as the coffee capital of India, with rolling plantations, waterfalls, and homestays -- popular for a relaxed nature getaway with good food and moderate trekking."
8,Munnar,Kerala,mountains,medium,"September,October,November,December,January,February",high,5,9,5,2,4,6,8,"A hill station in Kerala famous for sprawling tea plantations, misty peaks, and cool weather, offering an easy, scenic escape that is family-friendly and photogenic."
9,Chikmagalur,Karnataka,forest,low,"October,November,December,January,February,March",low,7,9,3,1,4,6,6,"A quieter coffee-growing hill town near Coorg, with trekking trails, waterfalls, and coffee estate stays, appealing to travelers who want Coorg's charm minus the crowds."
10,Tirthan Valley,Himachal Pradesh,mountains,low,"March,April,May,September,October,November",low,8,10,2,1,4,5,6,"A pristine, less-commercialized valley near the Great Himalayan National Park, known for trout fishing, riverside camping, and gentle treks -- a favorite among travelers seeking a quieter alternative to Manali."
11,Ziro Valley,Arunachal Pradesh,mountains,low,"March,April,September,October",low,7,10,2,1,9,4,3,"A remote valley home to the Apatani tribe, with pine-covered hills, paddy fields, and a well-known annual music festival -- offering deep cultural immersion far off the usual tourist map."
12,Chopta,Uttarakhand,mountains,low,"April,May,September,October,November",low,9,10,1,1,5,3,4,"Known as the 'mini Switzerland of India,' a small meadow-side base for the Tungnath and Chandrashila treks, offering high-altitude views with minimal infrastructure and very few crowds."
13,Bir-Billing,Himachal Pradesh,mountains,low,"March,April,May,September,October,November",low,9,8,2,2,4,5,5,"India's paragliding capital, a Tibetan settlement town surrounded by pine forests, popular with adventure travelers for paragliding and short monastery-hopping walks."
14,Sandakphu,West Bengal,mountains,low,"April,May,October,November",low,9,10,1,1,4,3,3,"The highest point in West Bengal, reached via a multi-day trek offering views of four of the world's five highest peaks including Everest and Kanchenjunga -- for serious trekkers seeking remote high-altitude views."
15,Mawlynnong,Meghalaya,forest,low,"October,November,December,January,February,March",low,4,10,2,1,7,4,7,"Known as one of Asia's cleanest villages, featuring living root bridges, dense forest walks, and Khasi tribal culture -- a peaceful, offbeat destination in Meghalaya's hills."
16,Majuli,Assam,backwaters,low,"October,November,December,January,February,March",low,5,9,1,1,9,4,5,"The world's largest river island on the Brahmaputra, home to centuries-old Vaishnavite monasteries and mask-making traditions -- a culturally rich and little-visited destination."
17,Araku Valley,Andhra Pradesh,mountains,low,"October,November,December,January,February,March",low,5,9,2,1,6,5,7,"A scenic valley in the Eastern Ghats known for coffee plantations, tribal museums, and the scenic Araku toy train route from Visakhapatnam -- a gentle, accessible nature escape in South India."
18,Chettinad,Tamil Nadu,city,medium,"November,December,January,February",low,3,3,4,1,10,10,6,"A cluster of villages famous for grand heritage mansions, intricate architecture, and a distinctive, spice-forward regional cuisine -- ideal for food and heritage-focused travelers."
19,Udaipur,Rajasthan,city,luxury,"October,November,December,January,February,March",medium,3,6,9,5,9,7,8,"The 'City of Lakes,' known for opulent palaces, lakeside havelis, and romantic boat rides -- a favored luxury and honeymoon destination with strong royal Rajasthani heritage."
20,Rishikesh,Uttarakhand,mountains,low,"September,October,November,February,March,April",high,8,7,3,2,8,5,6,"A spiritual town on the Ganges known as the yoga capital of the world, offering river rafting, ashrams, and riverside cafes -- popular with both adventure travelers and spiritual seekers."
21,Alleppey,Kerala,backwaters,medium,"November,December,January,February,March",medium,3,8,6,2,5,7,8,"Famous for its network of tranquil backwaters navigated by traditional houseboats, offering a slow, scenic experience through palm-lined canals and village life."
22,Leh-Ladakh,Ladakh,mountains,medium,"June,July,August,September",medium,10,10,3,1,8,4,3,"A high-altitude cold desert region with dramatic monasteries, mountain passes, and lakes like Pangong -- a bucket-list destination for serious adventure and motorbike travelers."
23,Kasol,Himachal Pradesh,mountains,low,"March,April,May,September,October",high,7,8,2,4,4,5,4,"A backpacker hub in the Parvati Valley known for riverside cafes, trekking bases, and a laid-back hippie atmosphere -- popular with younger solo and group travelers."
24,Pondicherry,Tamil Nadu,beach,medium,"October,November,December,January,February",medium,3,6,6,4,7,8,7,"A former French colony with a distinct European quarter, pastel buildings, seaside promenade, and a calmer beach-town feel blended with strong cafe culture."
25,Nubra Valley,Ladakh,mountains,low,"June,July,August,September",low,8,9,2,1,6,3,4,"A remote high-altitude valley near Leh known for sand dunes, double-humped camels, and monasteries -- offering a stark, otherworldly landscape for adventurous travelers."
26,Darjeeling,West Bengal,mountains,medium,"March,April,October,November",high,4,8,5,2,7,6,7,"A colonial-era hill station famous for tea gardens, toy trains, and views of Kanchenjunga -- a classic, well-loved Himalayan getaway with strong heritage character."
27,Kalimpong,West Bengal,mountains,low,"March,April,October,November",low,5,9,3,1,6,5,6,"A quieter alternative to nearby Darjeeling, known for monasteries, orchid nurseries, and mountain views without the tourist crush."
28,Gangtok,Sikkim,mountains,medium,"March,April,May,October,November",medium,6,8,5,2,7,6,7,"Sikkim's capital, blending Buddhist monasteries, mountain viewpoints, and a modern cafe scene -- a comfortable base for exploring the eastern Himalayas."
29,Yumthang Valley,Sikkim,mountains,low,"April,May,October",low,7,10,2,1,4,3,4,"A remote high-altitude valley in North Sikkim known as the 'Valley of Flowers' for its spring rhododendron blooms, hot springs, and dramatic alpine scenery."
30,Nainital,Uttarakhand,mountains,medium,"March,April,May,September,October,November",high,4,8,4,3,4,6,8,"A popular lake-district hill station with boating, colonial architecture, and easy mountain views -- family-friendly and accessible, though crowded in season."
31,Auli,Uttarakhand,mountains,medium,"December,January,February,March",medium,8,9,4,1,4,4,5,"A ski destination in the Garhwal Himalayas with sweeping views of Nanda Devi, offering snow sports in winter and meadow trekking in summer with a cable car ropeway."
32,Valley of Flowers,Uttarakhand,mountains,low,"July,August",low,8,10,1,1,5,2,3,"A UNESCO-listed high-altitude national park that bursts into a carpet of alpine flowers each monsoon -- a bucket-list trek for nature and flora enthusiasts."
33,Wayanad,Kerala,forest,medium,"October,November,December,January,February,March",medium,7,9,4,1,5,6,7,"A misty plateau region in Kerala with spice plantations, wildlife sanctuaries, caves, and waterfalls -- a nature-heavy escape less crowded than Munnar."
34,Varkala,Kerala,beach,low,"November,December,January,February,March",medium,5,8,4,4,4,7,5,"A cliffside beach town in Kerala known for dramatic red laterite cliffs overlooking the Arabian Sea, yoga retreats, and a relaxed backpacker vibe."
35,Kumarakom,Kerala,backwaters,luxury,"November,December,January,February,March",low,3,8,8,1,4,7,7,"A tranquil backwater village on Vembanad Lake known for luxury houseboat stays, bird sanctuaries, and Ayurvedic wellness retreats."
36,Hampi,Karnataka,city,low,"October,November,December,January,February",medium,6,6,2,1,10,4,5,"The ruins of the Vijayanagara Empire scattered across a surreal boulder landscape -- a UNESCO World Heritage site blending history, architecture, and unique terrain for explorers."
37,Badami,Karnataka,city,low,"October,November,December,January,February",low,5,5,2,1,9,4,5,"Known for its rock-cut cave temples and sandstone cliffs surrounding a scenic lake -- a quieter historical counterpart to Hampi."
38,Ooty,Tamil Nadu,mountains,medium,"March,April,September,October,November",high,4,8,5,2,4,6,8,"A well-known Nilgiri hill station with tea estates, botanical gardens, and a toy train -- a classic, family-friendly South Indian summer retreat."
39,Kodaikanal,Tamil Nadu,mountains,medium,"March,April,September,October,November",medium,6,9,4,1,4,5,7,"A pine-forested hill station known for its star-shaped lake, misty viewpoints, and cooler, quieter atmosphere compared to Ooty."
40,Amritsar,Punjab,city,low,"October,November,December,January,February,March",high,2,3,4,3,10,10,7,"Home to the Golden Temple and its moving nightly ceremonies, alongside a rich Punjabi food scene -- a deeply spiritual and culinary destination."
41,Jaisalmer,Rajasthan,desert,medium,"October,November,December,January,February",medium,7,4,6,4,9,7,6,"A golden desert city known for its sandstone fort, camel safaris into the Thar Desert, and dramatic sand dune sunsets."
42,Pushkar,Rajasthan,desert,low,"October,November,December,January,February",medium,4,4,3,3,9,6,5,"A holy town centered on a sacred lake, known for its temples, ghats, and the famous annual camel fair -- steeped in pilgrimage tradition."
43,Mount Abu,Rajasthan,mountains,low,"October,November,December,January,February,March",medium,4,7,3,3,7,5,7,"Rajasthan's only hill station, known for the intricately carved Dilwara Jain temples and a cooler climate as a desert-state retreat."
44,Rann of Kutch,Gujarat,desert,medium,"November,December,January,February",medium,6,7,4,2,9,5,5,"A vast white salt desert that transforms during the annual Rann Utsav festival, known for handicrafts, folk music, and surreal moonlit landscapes."
45,Gir National Park,Gujarat,forest,medium,"December,January,February,March",medium,8,9,3,1,3,4,5,"The last refuge of the wild Asiatic lion, offering jeep safaris through dry deciduous forest -- a key wildlife destination in western India."
46,Mahabaleshwar,Maharashtra,mountains,medium,"October,November,December,January,February,March",high,4,8,4,2,3,6,8,"A popular Sahyadri hill station known for strawberry farms, viewpoints over deep valleys, and an easy weekend-getaway feel from Mumbai and Pune."
47,Lonavala,Maharashtra,mountains,low,"July,August,September",high,5,8,4,3,3,6,7,"A monsoon-famous hill town near Mumbai and Pune, known for waterfalls, forts, and lush green valleys during the rainy season."
48,Alibaug,Maharashtra,beach,medium,"October,November,December,January,February",medium,3,6,6,3,3,7,7,"A coastal getaway near Mumbai with quieter beaches, old forts, and a growing number of boutique weekend homes and resorts."
49,Havelock Island,Andaman and Nicobar Islands,beach,luxury,"November,December,January,February,March,April",low,6,9,6,2,2,6,7,"Home to Radhanagar Beach, consistently ranked among Asia's best, along with scuba diving and pristine turquoise waters -- a premier island getaway."
50,Neil Island,Andaman and Nicobar Islands,beach,medium,"November,December,January,February,March,April",low,5,9,4,1,2,5,7,"A smaller, quieter Andaman island known for laid-back beaches, coral reefs, and a slower pace than the more popular Havelock."
51,Puri,Odisha,beach,low,"October,November,December,January,February",high,3,6,3,2,9,7,7,"A major pilgrimage town anchored by the Jagannath Temple, with a long beachfront and strong spiritual and culinary traditions."
52,Chilika Lake,Odisha,backwaters,low,"November,December,January,February",low,4,8,2,1,4,5,6,"Asia's largest brackish water lagoon, known for Irrawaddy dolphin sightings, migratory birds, and boat trips through a vast wetland ecosystem."
53,Shillong,Meghalaya,mountains,medium,"March,April,September,October,November",medium,6,8,4,3,7,6,6,"Known as the 'Scotland of the East,' a hill town with waterfalls, lakes, and a distinct music-and-cafe culture shaped by Khasi heritage."
54,Cherrapunji,Meghalaya,forest,low,"October,November,December,March,April",low,7,10,2,1,6,4,5,"One of the wettest places on Earth, famous for living root bridges, deep canyons, and dramatic waterfalls best seen just after monsoon."
55,Kaziranga,Assam,forest,medium,"November,December,January,February,March",medium,8,9,4,1,3,4,5,"A UNESCO World Heritage national park and the primary refuge of the one-horned rhinoceros, offering jeep and elephant safaris through grasslands."
56,Tawang,Arunachal Pradesh,mountains,low,"March,April,May,September,October",low,8,9,2,1,9,4,4,"A remote high-altitude town near the Bhutan and Tibet borders, home to one of the largest Buddhist monasteries in India and dramatic mountain passes."
57,Dharamshala,Himachal Pradesh,mountains,medium,"March,April,May,September,October,November",medium,6,8,4,2,8,6,6,"Home to the Dalai Lama's residence in exile and a large Tibetan community, blending spirituality, mountain views, and a laid-back cafe culture in McLeod Ganj."
58,Dalhousie,Himachal Pradesh,mountains,medium,"March,April,May,September,October",medium,5,8,4,1,5,4,7,"A colonial-era hill station known for pine forests, old churches, and quiet walking trails -- a gentler, less commercial Himachal option."
59,Khajuraho,Madhya Pradesh,city,medium,"October,November,December,January,February",medium,2,4,4,1,10,5,6,"Famous for its UNESCO-listed temple complex adorned with intricate medieval sculptures -- a major destination for art, history, and architecture enthusiasts."
60,Pachmarhi,Madhya Pradesh,mountains,low,"October,November,December,January,February,March",low,6,9,3,1,4,4,6,"The 'Queen of Satpura,' a lesser-visited hill station with waterfalls, caves, and dense forest -- a peaceful central Indian retreat."
61,Bandhavgarh,Madhya Pradesh,forest,medium,"November,December,January,February,March,April",medium,8,8,4,1,3,4,5,"One of India's top national parks for spotting Bengal tigers, with dense sal forests and ancient fort ruins within the reserve."
62,Bandipur,Karnataka,forest,low,"October,November,December,January,February",medium,7,8,3,1,3,4,6,"A tiger reserve on the Karnataka-Tamil Nadu border offering jeep safaris through dry deciduous forest, easily combined with a Coorg or Ooty trip."
63,Pangong Lake,Ladakh,mountains,low,"May,June,July,August,September",medium,9,10,2,1,4,3,4,"A high-altitude lake stretching into Tibet, famous for its shifting blue hues and stark mountain backdrop -- a highlight stop on any Ladakh road trip."
64,Kasauli,Himachal Pradesh,mountains,medium,"March,April,May,September,October,November",low,4,7,4,1,4,5,7,"A small colonial-era cantonment town in the lower Himalayas, known for quiet walks, old churches, and pine forests -- an easy, low-key escape."
65,Kanha National Park,Madhya Pradesh,forest,medium,"November,December,January,February,March,April",medium,7,9,4,1,3,4,6,"A vast, well-preserved tiger reserve said to have inspired Kipling's Jungle Book, known for sal and bamboo forests and strong wildlife sightings."
